"","shipment_date","port","import_export","taxa","genus","species","quantity","value"
"1",2002-12-09,"SF","I","mammal","Hippotragus","niger",1,0
"2",2005-07-28,"LO","I","shell","Pinctada","nigra",3480,7086
"3",2006-04-23,"AT","I","mammal","Equus","burchellii",3,486
"4",2003-03-27,"NY","I","reptile","Varanus","niloticus",15,12434
"5",2003-06-27,"CP","I","mammal","Chinchilla","sp.",1,245
"6",2005-06-23,"MI","I","bird","Tiaris","olivacea",3,0
"7",2006-09-13,"1","I","mammal","Oreamnos","americanus",1,0
"8",2014-09-06,"ME","I","shell","Pinctada","maxima",578,NA
"9",2011-04-28,"LA","I","echinoderms","Holothuria","sp.",2515,NA
"10",2013-02-20,"LA","I","shell","Octopus","vulgaris",6,202
"11",2006-07-20,"HA","I","shell","Placuna","placenta",180,174
"12",2002-08-15,"LA","I","bird","Struthio","camelus",620,44139
"13",2013-03-15,"LA","I","coral","Montipora","sp.",24,132
"14",2011-02-22,"LA","I","coral","Cynarina","lacrymalis",1,NA
"15",2012-10-18,"HN","I","fish","Non-CITES entry","sp.",100,6
"16",2009-05-09,"NY","I","mammal","Antidorcas","marsupialis",1,NA
"17",2008-05-31,"NY","I","reptile","Python","molurus",2,NA
"18",2008-06-17,"NW","I","reptile","Elaphe","carinata",27,NA
"19",2005-10-11,"NY","I","mammal","Aepyceros","melampus",1,50
"20",2006-03-03,"SF","I","shell","Trochus","niloticus",63,5
"21",2009-11-19,"NY","I","coral","Leptoseris","sp.",2,NA
"22",2001-11-16,"NY","I","mammal","Alopex","lagopus",1,60
"23",2006-01-17,"NW","I","mammal","Cryptoprocta","ferox",4,20
"24",2011-09-15,"LA","I","shell","Pinctada","margaritifera",2476,2476
"25",2011-03-21,"HN","I","mammal","Antidorcas","marsupialis",1,NA
"26",2009-02-27,"SY","I","shell","Melongena","sp.",5818,NA
"27",2008-11-13,"HA","I","insect","Non-CITES entry","sp.",6,NA
"28",2006-10-11,"DS","I","bird","Anas","americana",1,0
"29",2011-09-30,"DS","I","bird","Anas","discors",1,0
"30",2005-01-18,"AN","I","bird","Phasianus","colchicus",1488,3
"31",2013-09-29,"NY","I","mammal","Procyon","lotor",4,NA
"32",2011-05-13,"ME","I","shell","Pinctada","maxima",12,156
"33",2002-10-05,"EA","I","bird","Anser","albifrons",3,0
"34",2007-04-07,"SF","I","coral","Montastraea","valenciennesii",5,27
"35",2005-03-30,"NW","I","shell","Pinctada","margaritifera",11175,12166
"36",2010-06-12,"LA","I","coral","Goniopora","sp.",10,NA
"37",2014-10-31,"DF","I","mammal","Loxodonta","africana",6,NA
"38",2013-11-09,"LA","I","coral","Plerogyra","sinuosa",3,NA
"39",2007-08-27,"CP","I","mammal","Vulpes","vulpes",19,1900
"40",2009-03-15,"NY","I","reptile","Elaphe","carinata",47,NA
"41",2009-07-29,"LA","I","shell","Pecten","sp.",1333,NA
"42",2010-11-24,"BL","I","shell","Nassarius","pullus",2,NA
"43",2008-01-18,"LA","I","fish","Hippocampus","kuda",200,NA
"44",2011-07-25,"HA","I","shell","Cypraea","annulus",65,0
"45",2005-12-21,"LO","I","mammal","Odocoileus","virginianus",56,42
"46",2007-03-03,"LA","I","coral","Porites","sp.",4,12
"47",2005-09-26,"SF","I","coral","Favites","abdita",7,26
"48",2001-01-23,"HA","I","coral","Fungia","sp.",2,5
"49",2001-04-21,"NY","I","reptile","Alligator","mississippiensis",5,625
"50",2010-03-23,"LO","I","shell","Pinctada","margaritifera",4,NA
"51",2004-03-06,"AT","I","bird","Coturnix","coturnix",10,17
"52",2010-09-10,"NW","I","mammal","Cervus","elaphus",35,NA
"53",2004-12-21,"MI","I","fish","Tropical fish","(freshwater sp.)",9950,2262
"54",2014-10-02,"HA","I","echinoderms","Linckia","laevigata",405,NA
"55",2012-06-19,"HA","I","other","Other live inverts","in trop fish &",10000,880
"56",2003-12-08,"NG","I","reptile","Caiman","crocodilus",1086,72219
"57",2003-05-23,"SE","I","bird","Corythaixoides","concolor",1,100
"58",2006-12-20,"CH","I","other","Other live inverts","in trop fish &",260,542
"59",2013-03-26,"SF","I","insect","Danaus","sp.",20,10
"60",2004-07-30,"SS","I","mammal","Canis","lupus",1,0
"61",2005-05-19,"NY","I","mammal","Mustela","vison",108,16238
"62",2007-12-09,"NY","I","fish","Tropical fish","(freshwater sp.)",11455,4134
"63",2004-09-16,"NY","I","shell","Nautilus","pompilius",65,20
"64",2005-03-03,"MI","I","mammal","Papio","hamadryas",2,80
"65",2010-10-15,"SF","I","crustacean","Periclimenes","sp.",20,NA
"66",2008-05-04,"LA","I","fish","Tropical fish","(freshwater sp.)",6862,NA
"67",2010-03-09,"NY","I","coral","Scleractinia","sp.",300,NA
"68",2002-11-17,"LA","I","amphibian","Pachytriton","brevipes",100,55
"69",2010-10-14,"AN","I","bird","Struthio","camelus",1140,NA
"70",2011-11-17,"NO","I","shell","Haliotis","ovin",3000,600
"71",2010-04-15,"SW","I","insect",NA,NA,1,NA
"72",2009-07-01,"NY","I","mammal","Phacochoerus","africanus",1,NA
"73",2001-07-29,"LA","I","coral","Goniopora","sp.",8,23
"74",2006-05-01,"NY","I","mammal","Aepyceros","melampus",1,50
"75",2008-03-14,"SY","I","fish",NA,NA,3,NA
"76",2013-02-15,"NW","I","fish","Dasyatis","pastinaca",120,2040
"77",2014-01-28,"SY","I","echinoderms","Dendraster","sp.",366,NA
"78",2005-09-07,"NY","I","mammal","Papio","hamadryas",1,50
"79",2003-05-02,"CH","I","reptile","Caiman","sp.",2,283
"80",2013-11-23,"AN","I","mammal","Macaca","fascicularis",147,NA
"81",2007-05-25,"LA","I","coral","Acropora","sp.",39,107
"82",2011-08-14,"LA","I","bird","Struthio","camelus",7,6674
"83",2012-08-22,"LA","I","bird","Chlorophanes","spiza",34,850
"84",2000-03-02,"HN","I","mammal","Panthera","leo",1,50
"85",2007-09-25,"CP","I","mammal","Mustela","vison",6,10530
"86",2012-01-08,"LA","I","shell","Octopus","sp.",250,1463
"87",2006-07-13,"LO","I","shell","Polinices","tumidus",237,5
"88",2004-08-13,"DS","I","bird","Aquila","chrysaetos",4,0
"89",2004-05-27,"NW","I","reptile","Caiman","crocodilus",2,1
"90",2003-02-09,"NY","I","reptile","Alligator","mississippiensis",30,11060
"91",2012-10-02,"CH","I","insect","Non-CITES entry","sp.",1400,13454
"92",2014-02-12,"MI","I","coral","Euphyllia","divisa",2,NA
"93",2007-03-16,"AN","I","shell",NA,NA,900,3150
"94",2000-12-03,"NY","I","mammal","Mustela","vison",16,14916
"95",2014-09-22,"SF","I","shell","Margaritifera","margaritifera",2,NA
"96",2012-09-18,"HN","I","mammal","Kobus","ellipsiprymnus",1,135
"97",2002-06-30,"LA","I","amphibian","Rana","sp.",90,18
"98",2006-07-03,"NY","I","reptile","Acrochordus","javanicus",1,346
"99",2013-10-03,"6","I","mammal","Ursus","americanus",1,NA
"100",2008-01-24,"PB","I","mammal","Cervus","elaphus",18,NA
"101",2005-03-24,"NW","I","reptile","Alligator","mississippiensis",4,2696
"102",2012-07-20,"ME","I",NA,NA,NA,15,25
"103",2001-01-27,"NY","I","reptile","Varanus","niloticus",16,2137
"104",2010-06-16,"NY","I","reptile","Crocodylus","porosus",1,NA
"105",2010-12-22,"LA","I",NA,NA,NA,15,NA
"106",2011-08-09,"AN","I","reptile","Crocodylus","siamensis",1,20
"107",2011-12-21,"SF","I","fish","Cichlasoma","sp.",15,60
"108",2006-10-23,"NG","I","echinoderms","Pisaster","sp.",2225,1752
"109",2008-05-17,"SF","I","mammal","Equus","burchellii",1,NA
"110",2009-08-23,"GP","I","mammal","Ursus","americanus",1,NA
"111",2004-08-08,"MI","I","shell","Cypraea","sp.",280,357
"112",2014-05-14,"MI","I","amphibian","Phyllomedusa","bicolor",30,NA
"113",2004-12-11,"NY","I","fish","Tropical fish","(freshwater sp.)",2103,875
"114",2003-10-27,"SE","I","mammal","Aepyceros","melampus",1,25
"115",2005-07-13,"AT","I","mammal","Alcelaphus","buselaphus",3,850
"116",2002-02-15,"LA","I","other","Other live inverts","in trop fish &",391,426
"117",2000-06-11,"LA","I","coral","Favia","sp.",17,31
"118",2003-01-25,"SE","I","mammal","Puma","concolor",1,0
"119",2001-07-23,"NY","I","mammal","Chinchilla","lanigera",3,600
"120",2000-10-26,"MI","I","reptile","Anolis","sp.",357,268
"121",2009-09-02,"NY","I","mammal","Procavia","capensis",1,NA
"122",2012-12-16,"LO","I","shell","Pinctada","margaritifera",17595,1965
"123",2010-10-12,"PB","I","bird","Aythya","valisineria",3,NA
"124",2003-01-09,"SE","I","mammal","Ursus","americanus",1,761
"125",2010-02-24,"NW","I",NA,NA,NA,4,NA
"126",2009-10-19,"PT","I","mammal","Phacochoerus","aethiopicus",1,NA
"127",2010-12-22,"PT","I","mammal","Aepyceros","melampus",1,NA
"128",2005-02-18,"NY","I","bird","Dromaius","novaehollandiae",1,325
"129",2010-12-04,"CH","I","shell","Pinctada","margaritifera",300,NA
"130",2004-10-14,"HA","I","reptile","Alligator","mississippiensis",1,1616
"131",2008-11-21,"LO","I","shell","Placuna","placenta",20,NA
"132",2005-12-09,"SF","I","shell","Placuna","placenta",74,440
"133",2007-07-01,"MI","I","fish","Tropical fish","(freshwater sp.)",28213,1354
"134",2006-08-01,"SW","I","mammal","Bison","bison",18496,78385
"135",2004-05-25,"NY","I","reptile","Tupinambis","merianae",1,575
"136",2014-07-27,"NY","I","shell","Hyriopsis","schlegelii",858,NA
"137",2011-04-18,"DF","I","shell","Pinctada","maxima",4448,NA
"138",2007-09-27,"SF","I","shell","Placuna","placenta",2274,4389
"139",2010-06-26,"LA","I","shell","Todarodes","pacificus",526,NA
"140",2000-06-27,"NW","I","reptile","Gekko","gecko",132,40000
"141",2013-08-29,"NY","I","reptile","Alligator","mississippiensis",1,NA
"142",2003-04-19,"NY","I","bird","Struthio","camelus",1,2122
"143",2013-12-25,"CH","I","mammal","Aepyceros","melampus",2,NA
"144",2004-01-14,"NY","I","fish","All live tropical fish","(including goldfish)",1380,759
"145",2005-11-13,"LA","I","coral","Blastomussa","wellsi",2,13
"146",2003-12-21,"NY","I","mammal","Aepyceros","melampus",1,80
"147",2008-07-26,"LA","I","coral","Turbinaria","mesenterina",20,NA
"148",2010-10-22,"NY","I","mammal","Aepyceros","melampus",1,NA
"149",2004-04-09,"LA","I","other","Other live inverts","in trop fish &",423,595
"150",2010-03-25,"NG","I","mammal","Odocoileus","hemionus",1,NA
"151",2013-05-31,"HN","I","fish","Pelvicachromis","sp.",100,100
"152",2009-08-30,"AT","I","mammal","Raphicerus","campestris",1,NA
"153",2000-11-26,"LA","I","coral","Physogyra","sp.",8,22
"154",2009-07-15,"BN","I","other","Dugesia","sp.",8,NA
"155",2014-06-11,"SW","I","mammal","Alces","americanus",1,NA
"156",2003-02-22,"CH","I","mammal","Connochaetes","gnou",1,89
"157",2011-06-04,"PB","I","mammal","Ursus","americanus",1,0
"158",2006-11-07,"LA","I","coral","Trachyphyllia","geoffroyi",10,35
"159",2004-07-25,"LA","I","coral","Euphyllia","glabrescens",15,68
"160",2012-05-03,"NY","I","mammal","Vulpes","lagopus",2,1000
"161",2001-10-13,"LA","I","other","Other live inverts","in trop fish &",91,142
"162",2009-05-26,"LA","I","coral","Favia","sp.",3,NA
"163",2014-09-14,"CH","I","fish","Dendrochirus","zebra",5,NA
"164",2013-01-08,"SF","I","mammal","Panthera","pardus",1,0
"165",2006-05-28,"NW","I","reptile","Homalopsis","buccata",8,208
"166",2012-10-26,"LA","I","coral","Favia","sp.",10,85
"167",2008-01-16,"LO","I","shell","Conus","sp.",3350,NA
"168",2014-01-25,"NY","I","reptile","Python","bivittatus",4,NA
"169",2014-02-10,"CH","I","mammal","Connochaetes","gnou",1,NA
"170",2005-03-12,"CH","I","shell","Haliotis","sp.",7740,548
"171",2002-06-11,"DF","I","reptile","Caiman","crocodilus",10,349
"172",2013-01-18,"CH","I","mammal","Damaliscus","pygargus",1,95
"173",2014-10-01,"LA","I","shell","Pinctada","maxima",11,NA
"174",2011-12-06,"SF","I","bird","Struthio","camelus",168,4081
"175",2002-06-13,"SE","I","mammal","Odocoileus","sp.",25,65
"176",2008-09-10,"BN","I","mammal","Cervus","elaphus",6,NA
"177",2012-03-14,"NY","I","reptile","Python","reticulatus",4,1494
"178",2003-04-23,"LA","I",NA,NA,NA,148,2458
"179",2014-12-30,"LA","I","crustacean",NA,NA,57,NA
"180",2014-07-30,"LA","I","shell","Conus","leopardus",100,NA
"181",2014-02-08,"AT","I","coral","Euphyllia","cristata",10,NA
"182",2001-06-29,"AT","I","mammal","Aepyceros","melampus",1,330
"183",2006-10-25,"NY","I","fish","Dasyatis","sephen",27,1876
"184",2004-06-23,"CH","I","mammal","Taurotragus","oryx",1,388
"185",2009-06-30,"AN","I","shell",NA,NA,1,NA
"186",2014-05-06,"NY","I","reptile","Python","bivittatus",5,NA
"187",2002-11-02,"PT","I","mammal","Kobus","leche",1,60
"188",2012-05-15,"LA","I","shell","Pinctada","martensii",13986,182
"189",2009-01-21,"LA","I","shell","Pinctada","maxima",4200,NA
"190",2005-09-07,"SJ","I","reptile","Python","reticulatus",18,1341
"191",2008-06-17,"LA","I","coral","Fungia","fungites",10,NA
"192",2007-05-20,"6","I","mammal","Ursus","americanus",1,0
"193",2011-09-02,"NW","I","reptile","Tupinambis","merianae",12,9540
"194",2005-01-02,"BN","I","other","Non-CITES entry","sp.",1,26
"195",2012-02-15,"CH","I","mammal","Syncerus","caffer",1,325
"196",2011-05-09,"SE","I","shell","Cymatium","sp.",2,6
"197",2003-08-20,"CA","I","fish","Anguilla","rostrata",181,1400
"198",2004-07-26,"AN","I","mammal","Mustela","vison",25,29624
"199",2013-05-23,"LA","I","fish","Tropical fish","(marine sp.)",296,15
"200",2007-09-09,"NY","I","reptile","Alligator","mississippiensis",1,344
"201",2014-11-05,"NW","I","reptile","Crocodylus","niloticus",1,NA
"202",2004-06-24,"LA","I","mammal","Ondatra","zibethicus",8,3030
"203",2012-05-31,"NY","I","bird","Struthio","camelus",2,50
"204",2008-07-30,"SF","I","shell","Panopea","generosa",465,NA
"205",2003-05-23,"LA","I","fish","All live tropical fish","(including goldfish)",660,1607
"206",2010-12-21,"NW","I","shell","Todarodes","sp.",10118,NA
"207",2002-04-30,"LA","I","coral","Hydnophora","sp.",6,24
"208",2013-04-13,"NY","I","reptile","Elaphe","carinata",1,161
"209",2003-03-16,"LA","I","fish","All live tropical fish","(including goldfish)",3073,2169
"210",2008-05-19,"CP","I","mammal","Mustela","vison",6,NA
"211",2004-07-15,"HN","I","mammal","Ovis","aries",1,50
"212",2009-03-24,"HN","I","shell","Trachycardium","sp.",4,NA
"213",2008-03-21,"AN","I","shell",NA,NA,38,NA
"214",2009-09-01,"MP","I","mammal","Mustela","vison",1,NA
"215",2014-10-03,"NW","I","reptile","Python","reticulatus",2,NA
"216",2012-08-10,"NY","I","mammal","Sylvicapra","grimmia",1,50
"217",2009-07-26,"NY","I","fish","Tropical fish","(freshwater sp.)",5006,NA
"218",2002-08-07,"AN","I","fish","Dasyatis","sp.",61,6411
"219",2013-10-18,"SW","I","mammal","Alces","americanus",90,NA
"220",2009-10-23,"NY","I","reptile","Acrochordus","javanicus",1,NA
"221",2011-07-19,"NW","I","shell","Strombus","canarium",36,26
"222",2008-10-23,"HN","I","mammal","Equus","burchellii",1,NA
"223",2008-11-29,"AN","I","shell",NA,NA,15,NA
"224",2014-03-26,"LA","I","shell","Dosidicus","gigas",10573,NA
"225",2005-09-22,"LA","I","crustacean","Non-CITES entry","sp.",30,105
"226",2010-07-28,"NW","I","reptile","Ptyas","mucosus",1,NA
"227",2007-08-24,"LA","I","coral","Favites","chinensis",4,10
"228",2007-09-11,"NY","I","shell","Tectus","niloticus",21,1
"229",2001-03-21,"MI","I","insect",NA,NA,270,577
"230",2014-08-02,"NW","I","reptile","Python","bivittatus",6,NA
"231",2007-04-10,"SE","I","shell","Pteria","penguin",224,19252
"232",2006-11-11,"LA","I","mammal","Ovis","aries",2016,421
"233",2014-07-03,"BN","I","mammal","Sus","scrofa",913,NA
"234",2002-04-12,"MI","I","reptile","Cordylus","tropidosternum",49,98
"235",2001-04-10,"NW","I","fish","Cichlasoma","sp.",100,20
"236",2004-12-06,"NY","I","bird","Treron","calva",4,200
"237",2010-09-29,"PB","I","mammal","Alces","alces",1,NA
"238",2013-03-21,"LA","I","coral","Stylophora","pistillata",15,75
"239",2000-09-21,"LA","I","coral","Scleractinia","sp.",395,1740
"240",2004-03-20,"NY","I","fish","Siniperca","chuatsi",560,560
"241",2004-02-18,"NY","I","fish","Carassius","auratus",2900,351
"242",2013-12-27,"ME","I","mammal","Vulpes","lagopus",40,NA
"243",2009-02-11,"NY","I","mammal","Phacochoerus","africanus",1,NA
"244",2010-03-18,"MI","I",NA,NA,NA,18144,NA
"245",2004-06-08,"NY","I","reptile","Caiman","crocodilus",22,2185
"246",2005-06-25,"LA","I","fish","Tropical fish","(marine sp.)",37,45
"247",2011-06-15,"NY","I","reptile","Alligator","mississippiensis",20,3819
"248",2010-11-21,"LA","I","shell","Tridacna","squamosa",100,NA
"249",2009-02-09,"ME","I","shell","Nassarius","sp.",1,NA
"250",2011-07-16,"LA","I","crustacean",NA,NA,1000,307
"251",2004-05-12,"NY","I","mammal","Tragelaphus","strepsiceros",1,50
"252",2001-08-26,"AN","I","mammal","Odocoileus","virginianus",595,202
"253",2011-06-18,"HN","I","mammal","Equus","burchellii",1,92
"254",2001-07-31,"NW","I","mammal","Nyctereutes","procyonoides",3,1185
"255",2013-11-10,"LA","I","coral","Euphyllia","glabrescens",33,NA
"256",2013-06-19,"NW","I","mammal","Neovison","vison",4,9311
"257",2006-02-05,"LA","I","coral","Acropora","plana",30,60
"258",2011-05-12,"SF","I","shell","Loligo","edulis",0,36
"259",2013-09-04,"HN","I","mammal","Dama","dama",2,NA
"260",2009-05-23,"HO","I","mammal","Ursus","americanus",1,NA
"261",2006-07-07,"LA","I","other","Other live inverts","in trop fish &",170,40
"262",2006-10-16,"HO","I","mammal","Ursus","americanus",1,0
"263",2011-07-31,"HA","I","shell",NA,NA,1,900
"264",2000-10-09,"LA","I","crustacean",NA,NA,129,230
"265",2002-12-30,"BA","I","mammal","Tragelaphus","strepsiceros",4,180
"266",2001-05-12,"SF","I","mammal","Aepyceros","melampus",4,0
"267",2011-08-11,"LA","I","shell","Octopus","sp.",408,1481
"268",2009-11-02,"NY","I","mammal","Hemitragus","jemlahicus",2,NA
"269",2009-12-31,"NY","I","reptile","Homalopsis","buccata",1,NA
"270",2004-09-30,"SW","I","mammal","Ovis","canadensis",2,40
"271",2010-06-26,"SF","I","mammal","Panthera","leo",1,NA
"272",2005-10-02,"NY","I","reptile","Python","reticulatus",48,4200
"273",2013-07-15,"LA","I","mammal","Vulpes","sp.",33,1
"274",2006-07-29,"NW","I","reptile","Acrochordus","javanicus",6,8736
"275",2004-05-23,"HN","I","mammal","Equus","burchellii",1,50
"276",2003-10-18,"DS","I","bird","Anas","platyrhynchos",10,0
"277",2014-01-31,"LA","I","coral","Fungia","sp.",10,NA
"278",2005-11-18,"DN","I","mammal","Tragelaphus","strepsiceros",1,400
"279",2004-09-13,"SF","I","coral","Montipora","foliosa",8,34
"280",2003-04-17,"DF","I","mammal","Cervus","elaphus",1,5545
"281",2002-05-27,"CH","I","mammal","Odocoileus","virginianus",936,12153
"282",2011-09-01,"AT","I","mammal","Xerus","inauris",2,0
"283",2002-04-29,"LA","I","coral","Lobophyllia","sp.",15,15
"284",2000-09-03,"CH","I","mammal","Syncerus","caffer",1,0
"285",2014-05-02,"HN","I","mammal","Cervus","elaphus",2,NA
"286",2010-01-19,"LA","I","coral","Acropora","digitifera",6,NA
"287",2010-08-03,"ME","I","shell","Pinctada","maxima",250,NA
"288",2014-06-02,"NY","I","echinoderms","Cucumaria","miniata",100,NA
"289",2012-08-09,"HN","I","fish","Melanotaenia","sp.",150,11
"290",2001-09-23,"LA","I","fish",NA,NA,529,140
"291",2007-11-24,"EA","I","mammal","Odocoileus","virginianus",1,0
"292",2001-07-13,"SF","I","mammal","Aepyceros","melampus",1,0
"293",2011-06-04,"MI","I","shell","Octopus","ocellatus",2975,8692
"294",2006-05-07,"NY","I","reptile","Alligator","mississippiensis",2,3804
"295",2007-08-22,"LO","I","shell","Pinctada","maxima",400,3600
"296",2011-12-10,"ME","I","shell","Anodonta","woodiana",9,9
"297",2002-09-19,"LA","I","reptile","Rhampholeon","kerstenii",660,250
"298",2012-10-10,"NY","I","reptile","Python","molurus",13,966
"299",2011-08-18,"LA","I","coral","Cyphastrea","sp.",22,473
"300",2009-10-21,"CH","I","mammal","Oryx","gazella",1,NA
"301",2013-02-06,"SW","I","mammal","Ovis","dalli",1,200
"302",2010-07-29,"CH","I","mammal","Phacochoerus","aethiopicus",1,NA
"303",2010-03-08,"DF","I","mammal","Equus","burchellii",3,NA
"304",2004-03-16,"AT","I","mammal","Tragelaphus","strepsiceros",1,85
"305",2011-03-31,"LA","I","coral","Fungia","sp.",5,NA
"306",2000-07-14,"LA","I","mammal","Macropus","giganteus",400,5015
"307",2011-04-05,"LA","I","reptile","Caiman","crocodilus",138,NA
"308",2009-09-04,"SS","I","mammal","Ursus","americanus",1,NA
"309",2004-01-17,"LA","I","shell","Pinctada","fucata",2979,358
"310",2012-12-14,"ME","I",NA,NA,NA,1,363
"311",2003-11-21,"DF","I","reptile","Varanus","niloticus",50,2032
"312",2003-03-16,"LA","I","fish","All live tropical fish","(including goldfish)",118715,15813
"313",2014-06-09,"NY","I","mammal","Vulpes","vulpes",184,NA
"314",2013-06-20,"NW","I","reptile","Elaphe","radiata",175,910
"315",2011-05-17,"CP","I","mammal","Lynx","rufus",5,4750
"316",2004-12-13,"BN","I","mammal","Mustela","vison",1,3380
"317",2008-07-19,"HN","I","bird","Numida","meleagris",1,NA
"318",2008-10-01,"NW","I","mammal","Macaca","fascicularis",8,NA
"319",2005-04-30,"PA","I",NA,NA,NA,1,0
"320",2009-12-01,"HN","I","insect",NA,NA,4,NA
"321",2011-04-28,"PB","I","bird","Pavo","cristatus",1,NA
"322",2012-07-23,"LA","I","shell","Placuna","placenta",300,752
"323",2010-10-20,"LO","I","shell","Patella","sp.",30,NA
"324",2000-12-25,"LA","I","amphibian","Cynops","pyrrhogaster",5400,486
"325",2006-01-11,"ME","I","shell","Pteria","penguin",4,40
"326",2010-11-26,"BO","I","shell","Pinctada","maxima",1452,NA
"327",2006-01-17,"AN","I","shell",NA,NA,8,41
"328",2009-09-26,"CH","I","bird","Tympanuchus","phasianellus",1,NA
"329",2012-07-19,"ME","I","bird","Struthio","camelus",4,910
"330",2006-08-29,"NW","I","mammal","Ovis","aries",509,10180
"331",2008-02-23,"NY","I","reptile","Homalopsis","buccata",144,NA
"332",2008-03-16,"HN","I","bird","Struthio","camelus",1,NA
"333",2002-09-03,"NY","I","reptile","Alligator","mississippiensis",3,1996
"334",2011-12-23,"NW","I","bird","Struthio","camelus",50,436
"335",2013-01-21,"LR","I","reptile","Tupinambis","merianae",2,200
"336",2008-08-12,"EL","I","mammal","Cervidae","sp.",1,NA
"337",2003-07-08,"LA","I","coral","Euphyllia","sp.",5,14
"338",2008-07-21,"LA","I","crustacean",NA,NA,439,NA
"339",2008-11-20,"NW","I","mammal","Melogale","moschata",1,NA
"340",2007-11-15,"NY","I","mammal","Oryx","gazella",1,50
"341",2010-05-12,"DF","I","fish","Tropical fish","(marine sp.)",1683,NA
"342",2006-10-28,"CH","I","mammal","Ondatra","zibethicus",3,450
"343",2010-02-09,"NY","I","reptile","Alligator","mississippiensis",1,NA
"344",2007-12-10,"NY","I","mammal","Mustela","vison",78,73325
"345",2005-07-09,"HN","I","mammal","Tragelaphus","strepsiceros",1,50
"346",2013-10-06,"LA","I","coral","Tubipora","musica",3,NA
"347",2007-07-23,"MI","I",NA,NA,NA,1,0
"348",2009-10-25,"LO","I","bird","Struthio","camelus",372,NA
"349",2008-04-04,"LA","I","mammal","Macropus","rufus",2,NA
"350",2009-04-26,"NY","I","fish","Tropical fish","(marine sp.)",1162,NA
"351",2005-01-27,"CP","I","mammal","Castor","canadensis",11,10440
"352",2011-12-29,"AT","I","fish","Prionace","glauca",4,1223
"353",2014-09-24,"LO","I","shell","Anodonta","woodiana",3,NA
"354",2012-10-06,"NW","I","fish","Dasyatis","sephen",2,1457
"355",2004-04-20,"MI","I","insect",NA,NA,115,118
"356",2005-09-21,"SE","I","mammal","Oryx","gazella",1,90
"357",2000-09-23,"LA","I","shell","Pinctada","maxima",24,440
"358",2014-07-23,"HN","I","mammal","Madoqua","kirkii",1,NA
"359",2013-03-18,"MI","I","mammal","Procyon","lotor",7,350
"360",2014-06-06,"SF","I","coral","Acropora","pulchra",2,NA
"361",2013-11-21,"CP","I","mammal","Rangifer","tarandus",164,NA
"362",2008-04-09,"NY","I","insect",NA,NA,2,NA
"363",2009-04-22,"MI","I","coral","Duncanopsammia","axifuga",17,NA
"364",2004-03-12,"PT","I","mammal","Equus","burchellii",1,50
"365",2006-06-11,"SF","I","shell","Haliotis","asinina",2,122
"366",2007-05-07,"SF","I","mammal","Ovis","aries",2,147
"367",2007-09-25,"NY","I","mammal","Connochaetes","taurinus",2,100
"368",2013-05-01,"BN","I","spider","Argiope","sp.",29,82
"369",2011-08-31,"SY","I","shell","Oliva","sp.",2,15
"370",2008-05-14,"NY","I","mammal","Raphicerus","campestris",1,NA
"371",2011-08-02,"SY","I","shell","Murex","sp.",700,875
"372",2006-05-15,"MI","I","fish","Tropical fish","(marine sp.)",467,1727
"373",2008-06-12,"BV","I","shell",NA,NA,8868,NA
"374",2010-08-10,"NW","I","reptile","Python","molurus",15,NA
"375",2001-11-17,"LA","I","coral","Euphyllia","sp.",89,338
"376",2011-11-14,"BA","I","shell","Placuna","placenta",374,5236
"377",2010-04-24,"NW","I","shell","Sepia","sp.",1,NA
"378",2014-05-12,"PB","I","bird","Coturnix","japonica",8,NA
"379",2014-12-09,"HN","I","shell","Octopus","vulgaris",4032,NA
"380",2000-02-01,"HN","I","mammal","Aepyceros","melampus",1,50
"381",2002-07-30,"MI","I","reptile","Tupinambis","teguixin",506,21480
"382",2014-09-18,"CP","I","mammal","Chinchilla","lanigera",1,NA
"383",2014-01-13,"LA","I","shell","Sepioteuthis","lessoniana",66,NA
"384",2005-10-02,"NY","I","insect","Charaxes","brutus",5,13
"385",2001-12-21,"AT","I","mammal","Alcelaphus","buselaphus",1,100
"386",2010-03-17,"ME","I","fish","Dasyatis","sephen",1,NA
"387",2009-06-11,"SF","I","shell","Non-CITES entry","sp.",9,NA
"388",2004-05-08,"LA","I","fish","Tropical fish","(freshwater sp.)",5050,2023
"389",2004-07-28,"HA","I","fish","Tropical fish","(marine sp.)",70,29
"390",2010-04-06,"HA","I","shell","Pyrene","testudinaria",59,NA
"391",2002-10-25,"DS","I","bird","Branta","canadensis",1,0
"392",2007-04-15,"CH","I","mammal","Sciurus","vulgaris",1,100
"393",2003-04-18,"MI","I","shell","Pinctada","maxima",72,32
"394",2013-10-17,"NW","I","shell","Pinctada","margaritifera",1,NA
"395",2011-05-25,"NY","I","shell","Pinctada","maxima",4,500
"396",2010-11-19,"NY","I","mammal","Aepyceros","melampus",1,NA
"397",2003-12-21,"NY","I","mammal","Mustela","vison",6,3057
"398",2002-09-07,"NY","I","shell",NA,NA,28,1189
"399",2005-05-25,"NY","I","reptile","Alligator","mississippiensis",10,750
"400",2003-06-06,"NG","I","mammal","Odocoileus","virginianus",5,838
"401",2002-02-10,"LA","I","other","Other live inverts","in trop fish &",690,520
"402",2005-03-18,"NY","I","reptile","Homalopsis","buccata",116,9752
"403",2004-02-15,"LA","I","coral","Stylophora","pistillata",5,40
"404",2012-02-26,"NW","I","reptile","Python","molurus",1,1144
"405",2010-09-04,"LA","I","fish","Tropical fish","(freshwater sp.)",106614,NA
"406",2012-06-10,"LO","I","shell","Cristaria","discoidea",82,17
"407",2001-10-05,"SF","I","mammal","Damaliscus","pygargus",1,0
"408",2012-11-09,"PT","I","crustacean","Non-CITES entry","sp.",197,19
"409",2003-09-02,"HA","I","shell","Nassa","serta",3888,1088
"410",2011-07-24,"LA","I","coral","Plerogyra","sinuosa",20,138
"411",2012-11-06,"NW","I","reptile","Crocodylus","niloticus",1,11003
"412",2010-10-12,"AT","I","fish","Betta","splendens",244,NA
"413",2007-05-09,"LO","I","shell","Haliotis","iris",43,190
"414",2001-12-08,"MI","I","reptile","Physignathus","concincinus",560,672
"415",2004-06-03,"PB","I","mammal","Cervus","elaphus",2,7400
"416",2002-07-24,"BV","I","fish","Conger","conger",44,1276
"417",2012-04-04,"LA","I","coral","Montastraea","annuligera",2,2
"418",2010-12-16,"NW","I","bird","Struthio","camelus",4,NA
"419",2011-06-28,"PT","I","shell",NA,NA,390966,23890
"420",2005-07-28,"DE","I","other","Other live inverts","in trop fish &",62,29
"421",2012-02-08,"NY","I","bird","Struthio","camelus",4,4459
"422",2012-12-12,"CH","I","mammal","Aepyceros","melampus",1,430
"423",2002-05-02,"DN","I",NA,NA,NA,12,15
"424",2007-06-24,"NY","I","fish","All live tropical fish","(including goldfish)",8273,921
"425",2013-01-20,"LA","I","coral","Cynarina","lacrymalis",1,6
"426",2000-04-10,"NY","I","reptile","Python","reticulatus",80,1744
"427",2007-04-22,"NY","I","mammal","Kobus","ellipsiprymnus",1,50
"428",2008-08-16,"CH","I","mammal","Antidorcas","marsupialis",3,NA
"429",2008-03-26,"MI","I","crustacean",NA,NA,1500,NA
"430",2002-03-02,"NY","I","bird","Struthio","camelus",200,8750
"431",2004-03-02,"BL","I","bird","Phasianus","colchicus",6,39
"432",2014-03-07,"CH","I","mammal","Tragelaphus","strepsiceros",1,NA
"433",2007-07-26,"LA","I","coral","Acropora","sp.",173,89
"434",2000-08-09,"MI","I","reptile","Crotalus","sp.",1,12
"435",2007-01-15,"LO","I","shell","Haliotis","iris",8,7
"436",2002-03-20,"AN","I","shell","Pinctada","maxima",1,1
"437",2010-03-10,"LA","I","fish","Cyprinus","carpio",4330,NA
"438",2008-04-29,"LA","I","coral","Euphyllia","cristata",30,NA
"439",2002-09-16,"MI","I","other","Non-CITES entry","sp.",152,733
"440",2000-10-25,"NY","I","reptile","Alligator","mississippiensis",13,150
"441",2009-01-11,"NW","I","shell","Loligo","sp.",4200,NA
"442",2011-03-09,"SE","I","other","Other live inverts","in trop fish &",17,NA
"443",2003-11-04,"NY","I","reptile","Varanus","salvator",44,3094
"444",2007-06-14,"AN","I","shell",NA,NA,8,5
"445",2010-12-13,"MI","I","reptile","Basiliscus","plumifrons",200,NA
"446",2009-11-16,"LA","I","bird","Struthio","camelus",276,NA
"447",2004-05-18,"NY","I","mammal","Taurotragus","oryx",1,50
"448",2014-06-02,"DE","I","amphibian","Mantella","aurantiaca",13,NA
"449",2003-06-15,"NY","I","coral","Radianthus","sp.",10,7
"450",2013-03-23,"NY","I","mammal","Redunca","arundinum",1,50
"451",2009-09-04,"SF","I","mammal","Bubalus","bubalis",2,NA
"452",2007-03-21,"SF","I","shell","Pteria","penguin",17,25
"453",2009-07-19,"LA","I","coral","Scleractinia","sp.",178,NA
"454",2005-05-19,"NY","I","reptile","Alligator","mississippiensis",2,1648
"455",2009-08-20,"MI","I",NA,NA,NA,10,NA
"456",2006-08-06,"NY","I","mammal","Mustela","vison",2,100
"457",2011-10-31,"BL","I","mammal","Ursus","americanus",1,1200
"458",2007-12-16,"LA","I","coral","Scleractinia","sp.",238,560
"459",2011-05-02,"LA","I",NA,NA,NA,19108,80450
"460",2005-12-04,"LA","I","shell",NA,NA,233,63
"461",2004-12-19,"LA","I","shell","Tridacna","crocea",32,293
"462",2013-10-22,"CH","I","mammal","Connochaetes","gnou",1,NA
"463",2004-07-02,"BA","I","mammal","Hippotragus","niger",1,100
"464",2013-11-20,"NY","I","shell","Sepia","officinalis",83,NA
"465",2010-07-21,"LA","I","bird","Collocalia","fuciphaga",37,NA
"466",2005-02-28,"LA","I","coral","Scleractinia","sp.",251,230
"467",2001-02-08,"HN","I","mammal","Cervus","elaphus",1,50
"468",2000-12-01,"LA","I","reptile","Tupinambis","sp.",252,13230
"469",2012-03-19,"AT","I","fish","Tropical fish","(freshwater sp.)",25964,10362
"470",2004-12-21,"HN","I","mammal","Equus","burchellii",1,50
"471",2001-02-26,"CH","I","shell","Tectus","niloticus",22000,1474
"472",2004-04-10,"NY","I","fish","All live tropical fish","(including goldfish)",240,60
"473",2009-01-12,"SE","I","mammal","Alcelaphus","buselaphus",1,NA
"474",2012-11-27,"SW","I","mammal","Odocoileus","virginianus",1,50
"475",2011-12-04,"NY","I","coral","Lobophyllia","sp.",8,24
"476",2011-01-20,"HN","I","fish","Hemichromis","sp.",20,NA
"477",2011-07-07,"LA","I","reptile","Pelomedusa","subrufa",362,1086
"478",2012-10-16,"NY","I","coral","Corallium","rubrum",1,105
"479",2009-02-03,"SE","I","mammal","Canis","lupus",3,NA
"480",2002-04-18,"EL","I","reptile","Crocodylidae","sp.",1,0
"481",2013-03-02,"LA","I","coral","Acropora","caroliniana",5,40
"482",2014-10-06,"LA","I","fish","Paralichthys","olivaceus",540,NA
"483",2002-09-26,"SU","I","mammal","Alces","alces",1,0
"484",2006-02-14,"AT","I","mammal","Caracal","caracal",1,20
"485",2005-10-31,"NY","I","mammal","Aepyceros","melampus",1,50
"486",2008-02-28,"LA","I","fish","Tropical fish","(freshwater sp.)",106720,NA
"487",2009-02-03,"TP","I","fish","Tropical fish","(marine sp.)",1290,NA
"488",2001-08-01,"LA","I","mammal","Cervus","elaphus",52,728
"489",2013-05-01,"NY","I","shell","Pteria","penguin",1,99
"490",2012-05-25,"DF","I","shell","Hyriopsis","cumingii",7,7
"491",2001-12-20,"NY","I","mammal","Phacochoerus","aethiopicus",1,50
"492",2005-04-01,"NW","I","reptile","Ptyas","mucosus",12,1548
"493",2004-01-01,"NY","I","mammal","Alopex","lagopus",1250,13555
"494",2007-12-21,"HN","I","fish","Aphyosemion","sp.",150,150
"495",2005-04-07,"LA","I","coral","Caulastraea","sp.",16,63
"496",2005-12-22,"MP","I","fish","Ancistrus","sp.",14,140
"497",2011-12-03,"AT","I","coral","Scleractinia","sp.",65,158
"498",2004-06-02,"NW","I","shell","Trochus","niloticus",331,3123
"499",2013-12-18,"BN","I","mammal","Neovison","vison",1,NA
"500",2012-09-22,"NW","I","mammal","Neovison","vison",42,12785
"501",2003-09-13,"IF","I","mammal","Ursus","americanus",1,0
"502",2014-05-14,"BV","I","reptile","Caiman","crocodilus",115,NA
"503",2010-05-05,"MI","I","coral","Scolymia","vitiensis",6,NA
"504",2008-07-22,"DF","I","mammal","Chlorocebus","aethiops",1,NA
"505",2012-03-15,"CH","I","mammal","Aepyceros","melampus",1,104
"506",2005-04-22,"MI","I","coral","Heliofungia","actiniformis",9,25
"507",2007-05-26,"6","I","mammal","Ursus","americanus",1,0
"508",2001-03-05,"SF","I","bird","Alopochen","aegyptiacus",2,0
"509",2003-03-23,"NY","I","mammal","Equus","burchellii",1,50
"510",2006-12-05,"NY","I","mammal","Rangifer","tarandus",1,50
"511",2010-06-19,"LA","I","reptile","Alligator","mississippiensis",2,NA
"512",2009-01-09,"DF","I","bird","Struthio","camelus",627,NA
"513",2002-05-24,"AN","I","shell",NA,NA,5,3105
"514",2005-07-21,"DF","I","mammal","Tragelaphus","strepsiceros",2,556
"515",2013-06-04,"HA","I","shell","Mitra","sp.",438,0
"516",2010-06-28,"LO","I","mammal","Odocoileus","hemionus",1,NA
"517",2010-08-09,"NY","I","other","Other live inverts","in trop fish &",8,NA
"518",2006-04-16,"LA","I","coral","Euphyllia","cristata",36,63
"519",2004-03-10,"NW","I","reptile","Python","reticulatus",2,697
"520",2001-04-02,"MI","I","reptile","Physignathus","concincinus",1200,3100
"521",2012-03-22,"HN","I","coral","Euphyllia","divisa",10,35
"522",2008-10-18,"DF","I","mammal","Equus","burchellii",1,NA
"523",2005-12-21,"NY","I","reptile","Caiman","crocodilus",1,100
"524",2014-02-14,"CP","I","mammal","Loxodonta","africana",2,NA
"525",2007-12-26,"PT","I","mammal","Phacochoerus","aethiopicus",1,105
"526",2002-09-01,"NY","I","fish","All live tropical fish","(including goldfish)",5330,1023
"527",2009-04-19,"LA","I","coral","Euphyllia","glabrescens",25,NA
"528",2004-05-17,"NY","I","mammal","Martes","zibellina",2,100
"529",2005-04-30,"NW","I","shell","Cypraea","moneta",702,3615
"530",2010-10-11,"LA","I","other","Other live inverts","in trop fish &",110,NA
"531",2012-08-10,"MI","I","reptile","Gekko","sp.",234,187
"532",2004-10-06,"NY","I","mammal","Connochaetes","taurinus",1,64
"533",2007-05-19,"5","I","mammal","Ursus","americanus",1,0
"534",2008-10-19,"PB","I","bird","Aythya","valisineria",1,NA
"535",2011-08-17,"HN","I","insect","Hamadryas","sp.",33,52
"536",2008-05-30,"SF","I","crustacean","Lysmata","grabhami",128,NA
"537",2006-03-09,"NW","I","mammal","Meles","meles",90,2428
"538",2005-01-02,"NY","I","fish","Tropical fish","(freshwater sp.)",3381,1504
"539",2001-05-08,"LA","I","fish","All live tropical fish","(including goldfish)",3239,2336
"540",2003-02-27,"CP","I","mammal","Mustela","vison",1,1908
"541",2005-04-28,"AN","I","shell",NA,NA,60,180
"542",2011-05-28,"DF","I","coral","Acropora","formosa",12,63
"543",2013-07-28,"NY","I","mammal","Neovison","vison",5,11971
"544",2012-12-18,"SY","I","echinoderms","Dendraster","sp.",821,74
"545",2012-03-04,"NW","I","reptile","Alligator","mississippiensis",4,567
"546",2008-11-05,"TP","I","coral","Sarcophyton","sp.",50,NA
"547",2011-07-21,"CH","I","shell","Cypraea","tigris",236,241
"548",2006-09-28,"DF","I","mammal","Chinchilla","lanigera",32,1380
"549",2003-08-06,"NW","I","mammal","Vulpes","vulpes",2,948
"550",2010-08-19,"DF","I","coral","Symphyllia","sp.",2,NA
"551",2014-02-14,"LA","I","other","Other live inverts","in trop fish &",2056,NA
"552",2007-04-16,"LA","I","coral","Fungia","sp.",12,60
"553",2012-06-27,"NY","I","mammal","Neovison","vison",5,558
"554",2010-10-08,"NY","I","mammal","Ursus","americanus",1,NA
"555",2004-05-22,"NY","I","shell","Pinctada","margaritifera",2750,27500
"556",2007-09-20,"HN","I","mammal","Aepyceros","melampus",1,75
"557",2006-07-09,"LA","I","coral","Scleractinia","sp.",76,154
"558",2014-04-02,"SY","I","shell","Turritella","sp.",8,NA
"559",2010-01-29,"SF","I","shell","Terebra","turitella",12,NA
"560",2006-08-06,"NW","I","mammal","Mustela","vison",4,1168
"561",2001-09-23,"LA","I","fish","All live tropical fish","(including goldfish)",88702,3929
"562",2012-02-09,"LA","I","coral","Euphyllia","ancora",10,44
"563",2013-12-17,"CH","I","shell","Dosidicus","gigas",2722,NA
"564",2007-05-15,"NG","I","mammal","Ovis","canadensis",1,0
"565",2012-01-30,"LA","I","coral","Acropora","tenuis",13,72
"566",2001-08-18,"LA","I","other","Other live inverts","in trop fish &",1146,1385
"567",2000-10-22,"LA","I","mammal","Macropus","giganteus",78,1050
"568",2000-03-04,"NY","I","reptile","Alligator","mississippiensis",3,1930
"569",2014-04-11,"LA","I","coral","Lobophyllia","sp.",62,NA
"570",2012-01-23,"LO","I","shell","Architectonica","perspectiva",69,30
"571",2003-11-04,"MI","I","reptile","Geochelone","denticulata",4,68
"572",2005-04-13,"MI","I","reptile","Alligator","mississippiensis",5,470
"573",2007-04-30,"HA","I","fish","Tropical fish","(marine sp.)",4009,1415
"574",2011-10-12,"MI","I","coral","Galaxea","fascicularis",7,10
"575",2007-09-22,"AN","I","shell",NA,NA,800,15552
"576",2007-07-31,"AN","I","shell",NA,NA,500,850
"577",2010-11-23,"MI","I","bird","Tangara","gyrola",2,NA
"578",2011-03-13,"ME","I","shell","Pinctada","maxima",21,NA
"579",2001-10-08,"CH","I","mammal","Raphicerus","sharpei",1,50
"580",2003-04-17,"LA","I","reptile","Varanus","timorensis",35,750
"581",2002-02-12,"PB","I","mammal","Ursus","americanus",1,920
"582",2002-06-13,"NY","I","shell","Pinctada","melegrina",30,900
"583",2008-04-01,"MI","I","reptile","Paleosuchus","trigonatus",8,NA
"584",2010-05-09,"DF","I","mammal","Hemitragus","jemlahicus",1,NA
"585",2007-02-07,"NY","I","fish","Dasyatis","sephen",18,5167
"586",2005-12-14,"LO","I","mammal","Sciurus","vulgaris",50,275
"587",2004-05-02,"LA","I","coral","Fungia","moluccensis",7,39
"588",2007-07-02,"SE","I","mammal","Taurotragus","oryx",1,3000
"589",2004-04-19,"AN","I","shell","Isognomon","natalus",45,891
"590",2003-11-08,"LA","I","coral","Scleractinia","sp.",1032,1135
"591",2003-07-17,"NW","I","shell","Tectus","niloticus",6743,7368
"592",2013-08-11,"HA","I","shell","Pinctada","margaritifera",1,NA
"593",2007-05-17,"NW","I","reptile","Python","reticulatus",2,384
"594",2008-07-15,"LA","I","fish","Tropical fish","(freshwater sp.)",9900,NA
"595",2001-07-10,"DF","I","reptile","Alligator","mississippiensis",4,2178
"596",2005-06-21,"SF","I","shell",NA,NA,105,2587
"597",2008-10-29,"LO","I","shell","Pinctada","melegrina",212,NA
"598",2002-09-19,"LA","I","reptile","Alligator","mississippiensis",28,1886
"599",2006-02-17,"NW","I","fish","Anguilla","japonica",1440,11880
"600",2004-12-02,"AN","I","shell",NA,NA,1052,111
"601",2005-10-29,"LA","I","insect","Hebomoia","sp.",50,60
"602",2007-02-26,"DF","I","mammal","Cricetus","cricetus",74,195
"603",2014-09-21,"NY","I","fish","Carcharhinus","obscurus",1,NA
"604",2001-10-10,"DF","I","coral","Acropora","hyacinthus",10,70
"605",2014-12-03,"MI","I","shell",NA,NA,1035,NA
"606",2005-06-15,"AT","I","mammal","Ursus","arctos",1,300
"607",2004-05-06,"NY","I","fish","All live tropical fish","(including goldfish)",300,30
"608",2002-02-18,"CH","I","coral","Goniopora","stokesi",18,27
"609",2013-08-27,"ME","I","fish","Non-CITES entry","sp.",3,NA
"610",2004-04-10,"HA","I","shell",NA,NA,430,50
"611",2011-09-22,"DN","I","bird","Anas","acuta",4,0
"612",2009-12-12,"LA","I","other","Other live inverts","in trop fish &",174,NA
"613",2009-02-05,"NW","I","reptile","Alligator","mississippiensis",4,NA
"614",2009-06-27,"LA","I","shell","Pinctada","melegrina",1722,NA
"615",2008-11-02,"NY","I","reptile","Varanus","niloticus",2,NA
"616",2004-12-02,"DF","I","mammal","Tragelaphus","scriptus",1,352
"617",2004-05-20,"NY","I","fish","Dormitator","latifrons",910,864
"618",2006-01-26,"NW","I","reptile","Caiman","crocodilus",40,2984
"619",2008-12-13,"LA","I","coral","Scleractinia","sp.",150,NA
"620",2013-10-01,"CH","I","coral","Trachyphyllia","geoffroyi",30,NA
"621",2012-05-24,"NY","I","mammal","Neovison","vison",10,2281
"622",2013-05-16,"NY","I","other","Other live inverts","in trop fish &",1826,294
"623",2010-08-29,"NY","I","crustacean","Neopetrolisthes","ohshimai",3,NA
"624",2002-10-23,"NW","I","shell","Pinctada","martensii",77440,98349
"625",2002-01-22,"DF","I","reptile","Alligator","mississippiensis",5,36897
"626",2008-06-22,"NY","I","reptile","Python","molurus",32,NA
"627",2003-04-30,"SF","I","mammal","Phacochoerus","aethiopicus",1,0
"628",2014-02-09,"HN","I","mammal","Damaliscus","pygargus",1,NA
"629",2009-06-25,"LO","I","shell","Pinctada","maxima",6,NA
"630",2009-12-25,"BO","I","shell","Pinctada","maxima",1000,NA
"631",2001-11-25,"LA","I","mammal","Mustela","vison",40,40970
"632",2010-04-08,"DR","I","reptile","Caiman","sp.",2,NA
"633",2010-08-31,"MI","I","coral","Goniopora","lobata",14,NA
"634",2012-10-24,"PB","I","mammal","Cervus","elaphus",1,1398
"635",2009-10-16,"MI","I","crustacean",NA,NA,3839,NA
"636",2003-06-26,"CH","I","shell","Tectus","niloticus",3000,148
"637",2013-02-21,"LO","I","shell","Pinctada","maxima",3441,13716
"638",2000-02-24,"NY","I","reptile","Alligator","mississippiensis",1,103
"639",2006-12-01,"SF","I","mammal","Panthera","pardus",1,408
"640",2008-05-18,"AT","I","reptile","Crocodylus","niloticus",1,NA
"641",2012-10-16,"LO","I","reptile","Python","reticulatus",1,1
"642",2002-02-02,"LA","I","other","Other live inverts","in trop fish &",173,663
"643",2001-06-24,"LA","I","coral","Acropora","sp.",9,59
"644",2009-11-04,"NY","I","shell","Pinctada","maxima",52,NA
"645",2007-12-21,"NY","I","shell","Pinctada","maxima",148,217704
"646",2007-06-12,"NY","I","insect",NA,NA,2,2
"647",2000-11-07,"LA","I","amphibian","Rana","catesbeiana",16330,92820
"648",2011-09-03,"AT","I",NA,NA,NA,108,685
"649",2008-08-15,"HN","I","mammal","Hippotragus","niger",1,NA
"650",2010-04-23,"LA","I","echinoderms","Stichopus","sp.",425,NA
"651",2000-05-06,"NY","I","reptile","Python","reticulatus",156,2962
"652",2010-08-14,"NY","I","shell","Pinctada","maxima",40,NA
"653",2011-12-08,"HN","I","mammal","Nanger","granti",1,450
"654",2000-03-12,"LA","I","fish","All live tropical fish","(including goldfish)",29112,6434
"655",2014-07-15,"HA","I","shell","Octopus","vulgaris",11,NA
"656",2007-05-03,"LA","I","coral","Favites","sp.",38,20
"657",2010-08-31,"ME","I","shell","Malleus","sp.",225,NA
"658",2001-01-17,"DF","I","reptile","Alligator","mississippiensis",42,4838
"659",2008-01-31,"MI","I","crustacean","Non-CITES entry","sp.",190,NA
"660",2012-01-21,"ME","I","shell","Cristaria","plicata",255,6202
"661",2009-11-25,"NY","I","mammal","Alcelaphus","buselaphus",1,NA
"662",2006-06-16,"NY","I","mammal","Lynx","rufus",2,5468
"663",2004-09-29,"PB","I","mammal","Ursus","americanus",1,800
"664",2014-10-16,"NY","I","fish","Pterois","volitans",6,NA
"665",2008-01-24,"SU","I","mammal","Mustela","vison",4200,NA
"666",2002-07-13,"LA","I","coral","Galaxea","sp.",4,5
"667",2011-04-02,"ME","I","shell","Cristaria","plicata",744,NA
"668",2010-09-17,"AT","I","spider","Pandinus","imperator",1130,NA
"669",2013-06-25,"BN","I","fish","Lates","calcarifer",104,1495
"670",2005-11-15,"LA","I","coral","Scleractinia","sp.",1014,1115
"671",2010-08-29,"NY","I","crustacean","Procambarus","clarki",750,NA
"672",2000-07-02,"NY","I","bird","Struthio","camelus",295,860
"673",2005-12-28,"LO","I","shell","Pinctada","maxima",2100,1576
"674",2007-09-23,"DS","I","bird","Tympanuchus","phasianellus",8,0
"675",2010-07-14,"AG","I","bird","Struthio","camelus",1,NA
"676",2000-03-12,"LA","I","fish","All live tropical fish","(including goldfish)",4312,2738
"677",2006-02-21,"DF","I","mammal","Alcelaphus","buselaphus",1,465
"678",2007-12-25,"NY","I","mammal","Connochaetes","taurinus",1,50
"679",2000-06-10,"SF","I","fish","All live tropical fish","(including goldfish)",10326,3631
"680",2001-10-16,"SF","I","shell","Pinctada","margaritifera",2656,5905
"681",2003-08-08,"NY","I","reptile","Alligator","mississippiensis",5,829
"682",2010-06-22,"NY","I","reptile","Elaphe","radiata",1,NA
"683",2006-10-29,"6","I","bird","Anas","clypeata",1,0
"684",2012-11-27,"AT","I","crustacean","Non-CITES entry","sp.",236,525
"685",2006-02-08,"LA","I","other","Other live inverts","in trop fish &",47,18
"686",2007-12-12,"AT","I","mammal","Damaliscus","pygargus",1,100
"687",2004-11-08,"LA","I","shell","Pinctada","margaritifera",20538,4929
"688",2001-10-29,"MI","I","shell",NA,NA,24280,13393
"689",2007-04-12,"AN","I","shell",NA,NA,36,7182
"690",2003-04-02,"BL","I","fish","Rhamphocottus","richardsoni",10,180
"691",2010-08-21,"IF","I","mammal","Ursus","americanus",1,NA
"692",2007-09-16,"LA","I","shell","Tridacna","crocea",36,12
"693",2014-04-24,"AG","I","shell","Pinctada","maxima",4,NA
"694",2004-12-13,"HN","I","mammal","Aepyceros","melampus",1,50
"695",2013-08-27,"LA","I","coral","Acropora","cerealis",6,NA
"696",2006-05-28,"SW","I","mammal","Ursus","americanus",1,0
"697",2010-05-23,"LO","I","fish","Dasyatis","sephen",28,NA
"698",2011-04-06,"AT","I","mammal","Macropus","giganteus",1738,NA
"699",2006-12-16,"MI","I","crustacean",NA,NA,7,7
"700",2009-07-03,"LA","I","mammal","Hemitragus","jemlahicus",2,NA
"701",2006-09-14,"LA","I","reptile","Iguana","iguana",2000,6000
"702",2001-03-01,"NY","I","mammal","Taurotragus","oryx",1,50
"703",2013-08-13,"NY","I","mammal","Syncerus","caffer",2,NA
"704",2002-09-11,"LA","I","coral","Turbinaria","sp.",12,36
"705",2010-06-26,"DF","I","mammal","Tragelaphus","scriptus",1,NA
"706",2014-08-12,"LO","I","mammal","Axis","axis",120,NA
"707",2001-03-11,"LA","I","fish","All live tropical fish","(including goldfish)",37220,4455
"708",2006-08-17,"PB","I","mammal","Ovibos","moschatus",1,200
"709",2008-03-05,"AG","I","reptile","Alligator","mississippiensis",1,NA
"710",2008-02-28,"ME","I","mammal","Odocoileus","virginianus",1224,NA
"711",2004-03-11,"NW","I","bird","Meleagris","gallopavo",2880,778
"712",2013-07-10,"ME","I","shell","Pinctada","margaritifera",34,74
"713",2005-04-12,"BN","I","reptile","Morelia","viridis",3,200
"714",2006-01-10,"PB","I","mammal","Vulpes","vulpes",24,1518
"715",2002-05-05,"DF","I","mammal","Phacochoerus","aethiopicus",1,320
"716",2001-09-18,"NY","I","mammal","Alopex","lagopus",25,7500
"717",2000-06-05,"SF","I","coral","Euphyllia","cristata",19,45
"718",2012-12-18,"HN","I","insect","Papilio","thoas",23,38
"719",2001-05-31,"DN","I","mammal","Loxodonta","africana",1,1165
"720",2010-10-21,"NY","I","other","Halocynthia","sp.",960,NA
"721",2010-04-23,"LO","I","shell","Potamilus","purpuratus",40,NA
"722",2012-10-25,"SW","I","mammal","Cervus","elaphus",1,1600
"723",2006-08-11,"NY","I","reptile","Caiman","crocodilus",2,400
"724",2007-08-31,"LA","I","coral","Montipora","sp.",5,25
"725",2005-08-18,"AL","I","mammal","Rangifer","tarandus",1,0
"726",2005-05-15,"LA","I","coral","Acropora","hyacinthus",15,77
"727",2012-03-22,"LA","I","other","Halocynthia","roretzi",10,115
"728",2005-03-23,"LA","I","other","Other live inverts","in trop fish &",22,17
"729",2008-03-12,"DF","I","fish","Tropical fish","(marine sp.)",30,NA
"730",2005-04-18,"BA","I","coral","Psammocora","contigua",1,0
"731",2005-09-14,"DF","I","shell","Pinctada","maxima",10,28
"732",2005-03-08,"NY","I","mammal","Damaliscus","pygargus",1,50
"733",2005-08-24,"DE","I","fish","Tropical fish","(marine sp.)",7527,3855
"734",2010-07-16,"NW","I","mammal","Cervus","elaphus",4,NA
"735",2002-04-11,"LA","I","coral","Platygyra","sp.",18,56
"736",2006-10-12,"PL","I","bird","Tympanuchus","phasianellus",3,0
"737",2009-10-17,"6","I","bird","Chen","caerulescens",6,NA
"738",2003-01-22,"HA","I","echinoderms","Linckia","laevigata",2700,285
"739",2007-07-16,"CH","I","mammal","Hemitragus","jemlahicus",1,470
"740",2008-05-13,"LO","I","shell","Placuna","placenta",100,NA
"741",2005-03-17,"NY","I","reptile","Alligator","mississippiensis",1,87
"742",2001-06-28,"AT","I","mammal","Lycaon","pictus",3,12660
"743",2005-04-10,"LA","I","other","Other live inverts","in trop fish &",115,48
"744",2008-03-21,"LO","I","mammal","Mustela","sibirica",2121,NA
"745",2011-08-16,"CP","I","mammal","Procyon","lotor",11,1473
"746",2005-04-15,"NY","I","mammal","Raphicerus","campestris",1,50
"747",2001-05-04,"MI","I","reptile","Boa","constrictor",7,455
"748",2004-02-18,"MI","I","reptile","Mabuya","sp.",150,225
"749",2010-11-26,"6","I","mammal","Odocoileus","virginianus",1,NA
"750",2014-12-07,"LO","I","shell","Pinctada","maxima",216,NA
"751",2014-11-04,"LA","I","coral","Pocillopora","sp.",7,NA
"752",2014-02-07,"NY","I","mammal","Syncerus","caffer",1,NA
"753",2003-01-24,"LA","I","coral","Tubastraea","sp.",11,110
"754",2009-04-07,"NY","I","reptile","Python","molurus",2,NA
"755",2013-10-05,"PB","I","bird","Anser","albifrons",1,NA
"756",2006-05-03,"BO","I","mammal","Procyon","sp.",2,0
"757",2007-04-30,"SF","I","mammal","Connochaetes","taurinus",1,0
"758",2014-09-22,"SF","I","mammal","Dama","dama",1,NA
"759",2010-02-19,"CH","I","mammal","Aepyceros","melampus",2,NA
"760",2007-05-15,"MI","I","fish","Tropical fish","(freshwater sp.)",3142,1449
"761",2004-04-19,"NW","I","shell","Conus","sp.",1600,480
"762",2009-07-25,"LA","I","coral","Euphyllia","cristata",16,NA
"763",2014-03-25,"NW","I","reptile","Acrochordus","javanicus",1,NA
"764",2009-10-08,"PT","I","mammal","Oryx","gazella",1,NA
"765",2007-07-03,"SF","I","mammal","Gazella","granti",1,0
"766",2007-01-20,"HA","I","shell","Pinctada","maxima",50,41
"767",2013-06-05,"HN","I","mammal","Connochaetes","taurinus",1,100
"768",2006-12-03,"ME","I","mammal","Odocoileus","virginianus",2,263
"769",2014-02-04,"SF","I","insect",NA,NA,10,NA
"770",2012-06-28,"LO","I","shell","Pinctada","margaritifera",52,670
"771",2012-10-16,"LO","I","shell","Pinctada","maxima",47,239
"772",2009-02-01,"LA","I","fish","Tropical fish","(freshwater sp.)",40030,NA
"773",2007-01-28,"NY","I","mammal","Aepyceros","melampus",1,50
"774",2005-06-30,"BL","I","mammal","Odocoileus","hemionus",1,900
"775",2010-06-30,"NW","I","mammal","Marmota","bobak",18,NA
"776",2005-07-03,"HN","I","mammal","Tragelaphus","imberbis",7,332
"777",2012-12-19,"DE","I","mammal","Vulpes","vulpes",4,400
"778",2003-10-16,"TP","I","reptile","Varanus","niloticus",500,6339
"779",2012-02-23,"NW","I","reptile","Python","molurus",2,267
"780",2012-11-29,"NW","I","reptile","Alligator","mississippiensis",2,7527
"781",2001-08-25,"6","I","mammal","Rangifer","tarandus",10,0
"782",2012-01-29,"LA","I","shell","Pinctada","maxima",224,27
"783",2004-05-09,"MI","I","fish","All live tropical fish","(including goldfish)",6935,925
"784",2005-08-10,"LO","I","shell","Pinctada","margaritifera",180,19
"785",2007-07-29,"LA","I","crustacean",NA,NA,444,585
"786",2010-08-17,"LA","I","other","Other live inverts","in trop fish &",102,NA
"787",2013-05-29,"CH","I","mammal","Equus","burchellii",1,1200
"788",2005-05-17,"NY","I","insect",NA,NA,10,20
"789",2000-06-30,"NY","I","shell","Codakia","sp.",10608,1000
"790",2011-12-13,"NY","I","insect","Parthenos","sylvia",10,19
"791",2011-12-22,"NY","I","shell","Hyriopsis","schlegelii",17,2
"792",2005-09-23,"CA","I","fish","Gadus","morhua",6422,1699
"793",2005-12-29,"CH","I","mammal","Damaliscus","pygargus",2,110
"794",2011-10-17,"NY","I","shell","Tectus","niloticus",1665,464
"795",2006-04-10,"SE","I","shell","Turbo","sp.",3600,288
"796",2014-09-22,"7","I","mammal","Alces","americanus",3,NA
"797",2008-09-22,"SU","I","mammal","Rangifer","tarandus",1,NA
"798",2008-07-27,"NY","I","fish","Tropical fish","(freshwater sp.)",34494,NA
"799",2013-02-01,"ME","I","bird","Philydor","pyrrhodes",729,0
"800",2014-03-24,"LA","I","other","Other live inverts","in trop fish &",45,NA
"801",2007-10-16,"AN","I","shell",NA,NA,58,186
"802",2013-01-22,"HA","I","shell","Cymbiola","sp.",2,136
"803",2009-08-28,"AN","I","bird","Gallus","gallus",150,NA
"804",2005-01-14,"NY","I","reptile","Python","reticulatus",19,380
"805",2006-08-17,"GP","I","mammal","Ursus","americanus",1,0
"806",2009-10-20,"NY","I","shell","Conus","sp.",15,NA
"807",2014-05-27,"1","I","mammal","Ursus","americanus",2,NA
"808",2007-07-11,"MI","I","crustacean",NA,NA,41,59
"809",2001-08-21,"NY","I","fish","All live tropical fish","(including goldfish)",80,14
"810",2005-08-04,"AT","I","bird","Chrysolophus","amherstiae",5760,9072
"811",2005-08-29,"NY","I","mammal","Martes","americana",1,50
"812",2008-10-16,"PL","I","bird","Anas","platyrhynchos",5,NA
"813",2014-05-15,"CH","I","bird","Stagonopleura","sp.",2,NA
"814",2012-05-30,"NW","I","bird","Struthio","camelus",1,1486
"815",2000-10-26,"1","I","bird","Branta","canadensis",13,0
"816",2005-09-15,"DF","I","fish","Symphysodon","sp.",570,1965
"817",2001-09-09,"NY","I","other","Other live inverts","in trop fish &",400,108
"818",2012-05-05,"AN","I","shell",NA,NA,6,12
"819",2011-03-23,"MI","I","coral","Echinophyllia","sp.",12,NA
"820",2011-01-17,"NY","I","shell","Pteria","margaritifera",197,NA
"821",2003-12-12,"CP","I","mammal","Mustela","vison",3,2820
"822",2010-04-30,"NY","I","mammal","Mustela","vison",2,NA
"823",2003-03-24,"SE","I","mammal","Aepyceros","melampus",1,445
"824",2014-10-25,"NY","I","mammal","Tragelaphus","strepsiceros",1,NA
"825",2004-06-06,"LA","I","shell","Cypraea","sp.",1,1
"826",2005-11-14,"SF","I","mammal","Dama","dama",3,150
"827",2008-03-08,"NY","I","shell","Pinctada","maxima",57,NA
"828",2013-08-09,"NY","I","reptile","Caiman","yacare",88,NA
"829",2012-11-01,"LA","I","fish","Hippocampus","kuda",300,960
"830",2004-07-07,"LA","I","coral","Scleractinia","sp.",50,127
"831",2012-10-22,"MI","I","crustacean",NA,NA,121,76
"832",2009-02-27,"NY","I","mammal","Raphicerus","campestris",2,NA
"833",2007-11-13,"NY","I","mammal","Loxodonta","africana",1,90
"834",2005-11-18,"NY","I","shell","Trochus","niloticus",59,21
"835",2009-10-09,"BA","I","mammal","Bubalus","bubalis",2,NA
"836",2012-09-23,"DN","I","bird","Branta","canadensis",2,0
"837",2005-05-14,"HA","I","shell","Pinctada","maxima",190,112
"838",2000-01-03,"MP","I","crustacean",NA,NA,33,16
"839",2008-12-01,"PB","I","mammal","Odocoileus","virginianus",1,NA
"840",2012-01-08,"LA","I","fish","Tropical fish","(freshwater sp.)",9372,2887
"841",2004-11-29,"AN","I","shell",NA,NA,89,478
"842",2010-09-30,"SF","I","reptile","Mauremys","nigricans",11,NA
"843",2014-05-15,"NW","I","reptile","Varanus","niloticus",1,NA
"844",2008-06-29,"HN","I","shell","Cristaria","discoidea",80,NA
"845",2009-05-09,"NY","I","mammal","Alopex","lagopus",6,NA
"846",2007-07-28,"NY","I","shell","Pinctada","vulgaris",16,459
"847",2014-02-12,"HN","I","fish","Neolebias","ansorgii",200,NA
"848",2006-07-12,"NY","I","mammal","Damaliscus","pygargus",1,50
"849",2008-10-31,"BA","I","bird","Ammodramus","leconteii",23,NA
"850",2014-05-14,"AT","I","mammal","Canis","mesomelas",1,NA
"851",2008-01-22,"NY","I","other","Other live inverts","in trop fish &",164,NA
"852",2012-05-23,"SF","I","mammal","Connochaetes","gnou",1,160
"853",2003-01-18,"NY","I","other","Other live inverts","in trop fish &",19,23
"854",2007-02-01,"LA","I","coral","Hydnophora","rigida",12,6
"855",2014-08-18,"DF","I","reptile","Alligator","mississippiensis",1,NA
"856",2008-03-13,"LA","I","fish","Tropical fish","(freshwater sp.)",110,NA
"857",2005-06-06,"LA","I","coral","Favites","sp.",4,21
"858",2007-08-08,"NY","I","bird","Struthio","camelus",1,1832
"859",2012-03-27,"LO","I","shell","Tellina","sp.",64,100
"860",2004-02-01,"NY","I","reptile","Homalopsis","buccata",12,300
"861",2008-12-14,"NY","I","fish","Tropical fish","(marine sp.)",550,NA
"862",2011-07-05,"NW","I","reptile","Python","reticulatus",2,2860
"863",2006-11-21,"LO","I","shell","Pinctada","maxima",1126,1331
"864",2002-08-06,"LA","I","reptile","Leiolepis","sp.",50,8
"865",2006-03-11,"LA","I","fish","Tropical fish","(freshwater sp.)",24503,6009
"866",2003-10-05,"NY","I","mammal","Mustela","vison",37,10025
"867",2013-05-14,"ME","I","shell","Pinctada","fucata",156,200
"868",2008-03-04,"ME","I","mammal","Odocoileus","virginianus",10572,NA
"869",2012-07-22,"NW","I","reptile","Homalopsis","buccata",23,8098
"870",2012-09-17,"LA","I","coral","Acropora","hyacinthus",5,30
"871",2007-02-13,"BN","I","mammal","Ursus","americanus",1,300
"872",2011-02-19,"SF","I","mammal","Kobus","vardonii",1,NA
"873",2010-04-17,"LA","I","crustacean",NA,NA,1800,NA
"874",2012-08-06,"LA","I","shell","Pteria","penguin",84,13158
"875",2005-04-10,"LA","I","coral","Scolymia","vitiensis",8,47
"876",2013-01-02,"BO","I","insect",NA,NA,2,0
"877",2007-06-13,"LO","I","shell","Turbo","sp.",1,1
"878",2011-02-07,"LA","I","coral","Cynarina","lacrymalis",4,NA
"879",2012-03-29,"NW","I","reptile","Crocodylus","niloticus",1,5974
"880",2002-10-28,"MI","I","other","Non-CITES entry","sp.",250,243
"881",2000-09-07,"MP","I","mammal","Martes","zibellina",4,0
"882",2006-04-29,"NY","I","shell","Pinctada","melegrina",75,75
"883",2009-09-26,"LA","I","fish","Tropical fish","(freshwater sp.)",17565,NA
"884",2009-05-06,"NY","I","mammal","Sylvicapra","grimmia",1,NA
"885",2010-10-05,"LR","I","fish","Conger","conger",21,NA
"886",2006-01-31,"NG","I","coral","Bunodactis","sp.",40,24
"887",2000-11-12,"MI","I","fish","All live tropical fish","(including goldfish)",1639,1484
"888",2001-02-22,"MI","I","fish","All live tropical fish","(including goldfish)",3065,1516
"889",2009-02-26,"NW","I","reptile","Homalopsis","buccata",12,NA
"890",2003-05-01,"AN","I","shell",NA,NA,101,20
"891",2005-08-30,"AN","I","coral","Corallium","rubrum",300,1992
"892",2004-06-27,"NY","I","fish","Carassius","auratus",8000,620
"893",2003-06-07,"CA","I","mammal","Ursus","americanus",1,0
"894",2002-06-14,"HO","I","mammal","Ursus","americanus",1,0
"895",2007-11-10,"LA","I","bird","Struthio","camelus",1,4537
"896",2001-10-05,"PB","I","mammal","Castor","canadensis",3,105
"897",2011-05-19,"LA","I","shell","Placuna","placenta",1792,13856
"898",2012-09-09,"LA","I","coral","Montipora","sp.",2,15
"899",2006-10-07,"DS","I","bird","Anas","platyrhynchos",14,0
"900",2011-07-15,"LR","I","reptile","Naja","sputatrix",4,30
"901",2005-03-26,"LA","I","reptile","Draco","sp.",35,18
"902",2011-01-27,"SF","I","coral","Cynarina","lacrymalis",10,NA
"903",2007-02-20,"LA","I","coral","Heliofungia","actiniformis",25,115
"904",2011-11-17,"MI","I","bird","Aratinga","erythrogenys",2,0
"905",2004-02-03,"LA","I","shell","Cypraea","sp.",19322,226
"906",2001-04-02,"NY","I","fish","Cyprinus","carpio",1300,5201
"907",2004-03-08,"DF","I","bird","Struthio","camelus",130,1265
"908",2002-03-14,"LA","I","coral","Stylophora","sp.",8,16
"909",2002-07-29,"SW","I","mammal","Kobus","ellipsiprymnus",1,470
"910",2009-05-01,"AN","I","bird","Gallus","sp.",1500,NA
"911",2008-08-26,"AN","I","shell",NA,NA,13,NA
"912",2005-12-27,"NY","I","reptile","Varanus","salvator",1,6
"913",2005-06-16,"HA","I","shell","Engina","sp.",110,22
"914",2006-05-15,"AT","I","fish","Tropical fish","(freshwater sp.)",100,50
"915",2005-04-07,"CH","I","shell","Pinctada","maxima",536,600
"916",2009-11-30,"SF","I",NA,NA,NA,8,NA
"917",2008-04-16,"DF","I","shell","Tristichotrochus","sp.",8,NA
"918",2006-10-06,"PL","I","bird","Chen","caerulescens",1,0
"919",2004-06-05,"MI","I","fish","Tropical fish","(freshwater sp.)",3486,1670
"920",2007-12-04,"LO","I","shell","Anadara","sp.",10,5
"921",2004-09-04,"MI","I","reptile","Physignathus","concincinus",3,36
"922",2001-09-30,"MI","I","fish","All live tropical fish","(including goldfish)",1625,4157
"923",2013-07-29,"SF","I","crustacean","Alpheus","sp.",26,33
"924",2014-04-26,"LA","I","fish","Tropical fish","(marine sp.)",2139,NA
"925",2004-05-26,"MI","I","crustacean",NA,NA,26,37
"926",2007-06-20,"AN","I","mammal","Pelea","capreolus",1,404
"927",2004-05-10,"AN","I","mammal","Alopex","lagopus",2,65
"928",2008-10-12,"LA","I","fish","Tropical fish","(freshwater sp.)",117632,NA
"929",2013-05-01,"NY","I","mammal","Neovison","vison",2,200
"930",2003-02-06,"DF","I","mammal","Aepyceros","melampus",1,75
"931",2013-03-13,"SF","I","reptile","Trachemys","sp.",50,250
"932",2014-10-05,"DF","I","mammal","Hippotragus","niger",1,NA
"933",2004-11-18,"AT","I","reptile","Alligator","mississippiensis",1,1452
"934",2007-04-28,"AT","I","shell","Pleuroploca","sp.",3600,350
"935",2006-08-24,"6","I","mammal","Odocoileus","virginianus",1,0
"936",2008-03-12,"SY","I","bird","Struthio","camelus",804,NA
"937",2002-10-15,"SF","I","fish","Carassius","auratus",3145,1203
"938",2006-03-20,"HN","I","reptile","Python","reticulatus",3,1175
"939",2011-04-30,"LA","I","shell","Loligo","sp.",18144,NA
"940",2014-06-11,"BO","I","shell","Hyriopsis","cumingii",2525,NA
"941",2009-09-23,"NY","I","mammal","Alopex","lagopus",10,NA
"942",2014-05-09,"CP","I","reptile","Caiman","crocodilus",6,NA
"943",2001-02-08,"MI","I","fish","All live tropical fish","(including goldfish)",1660,444
"944",2003-10-15,"LA","I","reptile","Varanus","salvator",132,2640
"945",2013-10-10,"NW","I","reptile","Conolophus","pallidus",100,NA
"946",2007-04-23,"AN","I","shell",NA,NA,7,38
"947",2004-03-06,"NY","I","reptile","Tupinambis","teguixin",40,3300
"948",2005-06-30,"AN","I","mammal","Odocoileus","virginianus",6,5
"949",2001-08-31,"SW","I","mammal","Alces","alces",3,300
"950",2011-09-14,"NY","I","reptile","Python","reticulatus",54,11297
"951",2014-12-07,"NW","I","reptile","Homalopsis","buccata",62,NA
"952",2011-05-25,"NW","I","bird","Struthio","camelus",1,6030
"953",2006-10-15,"PB","I","bird","Chen","caerulescens",1,0
"954",2006-05-06,"5","I","mammal","Ursus","americanus",1,0
"955",2002-02-17,"SF","I","mammal","Potamochoerus","porcus",1,0
"956",2010-02-25,"LO","I","insect","Non-CITES entry","sp.",2,NA
"957",2012-12-04,"TP","I","fish","Tropical fish","(freshwater sp.)",33440,9104
"958",2014-06-04,"LA","I","shell","Sepia","officinalis",3892,NA
"959",2002-10-15,"SF","I","insect","Non-CITES entry","sp.",7,39
"960",2000-02-29,"BO","I","shell",NA,NA,2518,4930
"961",2002-07-30,"PT","I","shell","Cypraea","moneta",103050,974
"962",2005-02-28,"NW","I","shell","Haliotis","sp.",22,220
"963",2006-12-14,"CP","I","mammal","Lynx","rufus",1,950
"964",2004-07-24,"NY","I","mammal","Damaliscus","pygargus",1,50
"965",2011-10-01,"SU","I","bird","Branta","canadensis",24,0
"966",2005-05-07,"LO","I","shell","Pinctada","maxima",1976,5640
"967",2001-12-11,"SF","I","coral","Corallium","secundum",58,660
"968",2004-11-23,"MI","I","reptile","Anolis","roquet",69,35
"969",2008-05-10,"ME","I","mammal","Vulpes","vulpes",10,NA
"970",2008-10-16,"NW","I","fish","Dasyatis","sephen",3,NA
"971",2003-08-19,"LA","I","coral","Turbinaria","sp.",10,10
"972",2008-06-01,"SW","I","mammal","Odocoileus","virginianus",1,NA
"973",2006-01-28,"BA","I","shell","Pinctada","fucata",1584,1267
"974",2002-04-13,"LA","I","coral","Heliofungia","sp.",15,22
"975",2012-07-19,"LA","I","other","Other live inverts","in trop fish &",123,59
"976",2013-01-24,"LA","I","coral","Acropora","kimbeensis",12,48
"977",2008-02-21,"MI","I","coral","Heliofungia","actiniformis",20,NA
"978",2010-08-13,"CP","I","mammal","Alopex","lagopus",67,NA
"979",2007-11-21,"ME","I",NA,NA,NA,2,0
"980",2009-04-05,"NY","I","reptile","Python","reticulatus",8,NA
"981",2007-11-07,"LA","I","crustacean",NA,NA,330,125
"982",2014-07-14,"NY","I","insect","Polyrhachis","sp.",1,NA
"983",2013-06-08,"BO","I","shell","Pinctada","margaritifera",8,2885
"984",2008-03-04,"BN","I","mammal","Chinchilla","lanigera",24,NA
"985",2011-07-31,"NY","I","mammal","Nyctereutes","procyonoides",5,2343
"986",2007-02-02,"DF","I","mammal","Alcelaphus","buselaphus",1,88
"987",2002-06-22,"DL","I","mammal","Ursus","americanus",1,1
"988",2006-04-12,"MI","I","reptile","Non-CITES entry","sp.",5,100
"989",2007-07-25,"LA","I","coral","Pavona","sp.",5,27
"990",2001-09-02,"LA","I","coral","Scleractinia","sp.",200,438
"991",2014-08-22,"LA","I","shell",NA,NA,1520,NA
"992",2008-12-11,"SE","I","other","Other live inverts","in trop fish &",93,NA
"993",2003-05-25,"MI","I","reptile","Varanus","niloticus",514,1
"994",2001-01-06,"LA","I","fish","All live tropical fish","(including goldfish)",2134,1485
"995",2006-03-22,"LA","I","coral","Porites","sp.",10,100
"996",2004-08-21,"IF","I","mammal","Ursus","americanus",1,0
"997",2007-04-20,"NY","I","mammal","Alopex","lagopus",1,90
"998",2011-03-16,"HN","I","mammal","Tragelaphus","angasii",1,NA
"999",2011-04-03,"LA","I","shell","Loligo","sp.",156,NA
"1000",2000-07-27,"PT","I","reptile","Python","regius",12,36
